{"meta": {"format": 3, "version": "7.10.6", "timestamp": "2025-09-13T19:24:14.236338", "branch_coverage": false, "show_contexts": false}, "files": {"database.py": {"executed_lines": [1, 2, 4, 5, 6, 7, 9, 12, 17, 18, 21, 25, 26, 28, 29, 30, 31, 32, 33, 34, 35, 36, 37, 41, 49], "summary": {"covered_lines": 24, "num_statements": 28, "percent_covered": 85.71428571428571, "percent_covered_display": "86", "missing_lines": 4, "excluded_lines": 3}, "missing_lines": [42, 43, 44, 46], "excluded_lines": [49, 50, 51], "functions": {"get_db": {"executed_lines": [], "summary": {"covered_lines": 0, "num_statements": 4, "percent_covered": 0.0, "percent_covered_display": "0", "missing_lines": 4, "excluded_lines": 0}, "missing_lines": [42, 43, 44, 46], "excluded_lines": []}, "": {"executed_lines": [1, 2, 4, 5, 6, 7, 9, 12, 17, 18, 21, 25, 26, 28, 29, 30, 31, 32, 33, 34, 35, 36, 37, 41, 49], "summary": {"covered_lines": 24, "num_statements": 24, "percent_covered": 100.0, "percent_covered_display": "100", "missing_lines": 0, "excluded_lines": 3}, "missing_lines": [], "excluded_lines": [49, 50, 51]}}, "classes": {"RetailFileSchema": {"executed_lines": [], "summary": {"covered_lines": 0, "num_statements": 0, "percent_covered": 100.0, "percent_covered_display": "100", "missing_lines": 0, "excluded_lines": 0}, "missing_lines": [], "excluded_lines": []}, "": {"executed_lines": [1, 2, 4, 5, 6, 7, 9, 12, 17, 18, 21, 25, 26, 28, 29, 30, 31, 32, 33, 34, 35, 36, 37, 41, 49], "summary": {"covered_lines": 24, "num_statements": 28, "percent_covered": 85.71428571428571, "percent_covered_display": "86", "missing_lines": 4, "excluded_lines": 3}, "missing_lines": [42, 43, 44, 46], "excluded_lines": [49, 50, 51]}}}, "main.py": {"executed_lines": [1, 2, 3, 4, 5, 7, 8, 9, 10, 11, 12, 14, 15, 18, 19, 22, 25, 26, 31, 32, 33, 54, 57, 68, 76, 77, 79, 86, 87, 89, 91, 92, 111, 112, 119, 122, 125, 128, 131, 135, 140, 141, 143, 146, 147, 149, 152, 153, 158, 167, 168, 174, 176, 177, 178, 181, 184, 186, 189, 190, 197, 200, 201, 204, 218, 223, 228, 234, 244, 245, 251, 252, 253, 255, 257, 258, 260, 263, 264, 266, 269, 270, 272, 273, 275, 278, 282, 295, 298], "summary": {"covered_lines": 88, "num_statements": 112, "percent_covered": 78.57142857142857, "percent_covered_display": "79", "missing_lines": 24, "excluded_lines": 3}, "missing_lines": [36, 37, 39, 45, 46, 47, 48, 49, 50, 51, 52, 58, 59, 60, 61, 62, 64, 98, 99, 283, 284, 288, 291, 293], "excluded_lines": [298, 299, 302], "functions": {"lifespan": {"executed_lines": [31, 32, 33, 54, 57], "summary": {"covered_lines": 5, "num_statements": 22, "percent_covered": 22.727272727272727, "percent_covered_display": "23", "missing_lines": 17, "excluded_lines": 0}, "missing_lines": [36, 37, 39, 45, 46, 47, 48, 49, 50, 51, 52, 58, 59, 60, 61, 62, 64], "excluded_lines": []}, "health_check": {"executed_lines": [79], "summary": {"covered_lines": 1, "num_statements": 1, "percent_covered": 100.0, "percent_covered_display": "100", "missing_lines": 0, "excluded_lines": 0}, "missing_lines": [], "excluded_lines": []}, "health_check_db": {"executed_lines": [89, 91, 92], "summary": {"covered_lines": 3, "num_statements": 5, "percent_covered": 60.0, "percent_covered_display": "60", "missing_lines": 2, "excluded_lines": 0}, "missing_lines": [98, 99], "excluded_lines": []}, "get_retail_files": {"executed_lines": [119, 122, 125, 128, 131, 135], "summary": {"covered_lines": 6, "num_statements": 6, "percent_covered": 100.0, "percent_covered_display": "100", "missing_lines": 0, "excluded_lines": 0}, "missing_lines": [], "excluded_lines": []}, "get_retail_file": {"executed_lines": [143, 146, 147, 149], "summary": {"covered_lines": 4, "num_statements": 4, "percent_covered": 100.0, "percent_covered_display": "100", "missing_lines": 0, "excluded_lines": 0}, "missing_lines": [], "excluded_lines": []}, "create_retail_file": {"executed_lines": [158, 167, 168, 174, 176, 177, 178, 181, 184, 186], "summary": {"covered_lines": 10, "num_statements": 10, "percent_covered": 100.0, "percent_covered_display": "100", "missing_lines": 0, "excluded_lines": 0}, "missing_lines": [], "excluded_lines": []}, "update_retail_file": {"executed_lines": [197, 200, 201, 204, 218, 223, 228, 234, 244, 245, 251, 252, 253, 255, 257, 258, 260], "summary": {"covered_lines": 17, "num_statements": 17, "percent_covered": 100.0, "percent_covered_display": "100", "missing_lines": 0, "excluded_lines": 0}, "missing_lines": [], "excluded_lines": []}, "delete_retail_file": {"executed_lines": [266, 269, 270, 272, 273, 275], "summary": {"covered_lines": 6, "num_statements": 6, "percent_covered": 100.0, "percent_covered_display": "100", "missing_lines": 0, "excluded_lines": 0}, "missing_lines": [], "excluded_lines": []}, "produce_Kafka_message": {"executed_lines": [282, 295], "summary": {"covered_lines": 2, "num_statements": 7, "percent_covered": 28.571428571428573, "percent_covered_display": "29", "missing_lines": 5, "excluded_lines": 0}, "missing_lines": [283, 284, 288, 291, 293], "excluded_lines": []}, "": {"executed_lines": [1, 2, 3, 4, 5, 7, 8, 9, 10, 11, 12, 14, 15, 18, 19, 22, 25, 26, 68, 76, 77, 86, 87, 111, 112, 140, 141, 152, 153, 189, 190, 263, 264, 278, 298], "summary": {"covered_lines": 34, "num_statements": 34, "percent_covered": 100.0, "percent_covered_display": "100", "missing_lines": 0, "excluded_lines": 3}, "missing_lines": [], "excluded_lines": [298, 299, 302]}}, "classes": {"": {"executed_lines": [1, 2, 3, 4, 5, 7, 8, 9, 10, 11, 12, 14, 15, 18, 19, 22, 25, 26, 31, 32, 33, 54, 57, 68, 76, 77, 79, 86, 87, 89, 91, 92, 111, 112, 119, 122, 125, 128, 131, 135, 140, 141, 143, 146, 147, 149, 152, 153, 158, 167, 168, 174, 176, 177, 178, 181, 184, 186, 189, 190, 197, 200, 201, 204, 218, 223, 228, 234, 244, 245, 251, 252, 253, 255, 257, 258, 260, 263, 264, 266, 269, 270, 272, 273, 275, 278, 282, 295, 298], "summary": {"covered_lines": 88, "num_statements": 112, "percent_covered": 78.57142857142857, "percent_covered_display": "79", "missing_lines": 24, "excluded_lines": 3}, "missing_lines": [36, 37, 39, 45, 46, 47, 48, 49, 50, 51, 52, 58, 59, 60, 61, 62, 64, 98, 99, 283, 284, 288, 291, 293], "excluded_lines": [298, 299, 302]}}}, "models.py": {"executed_lines": [1, 2, 3, 5, 6, 10, 11, 13, 17, 18, 19, 22, 23, 25, 26, 27, 28, 29, 30, 31, 33, 35, 36, 38, 51, 67, 68, 70, 71, 72, 73, 74, 75, 76, 78, 82, 84, 95, 96, 98, 99, 100, 101, 102, 103, 104, 106, 112, 113, 114, 116, 120, 121, 122, 123, 124, 125], "summary": {"covered_lines": 53, "num_statements": 55, "percent_covered": 96.36363636363636, "percent_covered_display": "96", "missing_lines": 2, "excluded_lines": 0}, "missing_lines": [53, 117], "excluded_lines": [], "functions": {"RetailFile.from_db_model": {"executed_lines": [38], "summary": {"covered_lines": 1, "num_statements": 1, "percent_covered": 100.0, "percent_covered_display": "100", "missing_lines": 0, "excluded_lines": 0}, "missing_lines": [], "excluded_lines": []}, "RetailFile.to_db_model": {"executed_lines": [], "summary": {"covered_lines": 0, "num_statements": 1, "percent_covered": 0.0, "percent_covered_display": "0", "missing_lines": 1, "excluded_lines": 0}, "missing_lines": [53], "excluded_lines": []}, "RetailFileCreate.to_db_model": {"executed_lines": [84], "summary": {"covered_lines": 1, "num_statements": 1, "percent_covered": 100.0, "percent_covered_display": "100", "missing_lines": 0, "excluded_lines": 0}, "missing_lines": [], "excluded_lines": []}, "PaginationParams.__init__": {"executed_lines": [], "summary": {"covered_lines": 0, "num_statements": 1, "percent_covered": 0.0, "percent_covered_display": "0", "missing_lines": 1, "excluded_lines": 0}, "missing_lines": [117], "excluded_lines": []}, "": {"executed_lines": [1, 2, 3, 5, 6, 10, 11, 13, 17, 18, 19, 22, 23, 25, 26, 27, 28, 29, 30, 31, 33, 35, 36, 51, 67, 68, 70, 71, 72, 73, 74, 75, 76, 78, 82, 95, 96, 98, 99, 100, 101, 102, 103, 104, 106, 112, 113, 114, 116, 120, 121, 122, 123, 124, 125], "summary": {"covered_lines": 51, "num_statements": 51,